<?xml version="1.0" encoding="utf-8"?>
<series>
<group name="time">
<filter name="timestamp">(?:(?:(?:(?:[1-2][0-9]{3}) *(?:[\/\-\., ]) *(?:1[0-2]|0?[1-9]) *(?:[\/\-\., ]) *(?:[12][0-9]|3[01]|0?[1-9]))|(?:(?:1[0-2]|0?[1-9]) *(?:[\/\-\., ]) *(?:[12][0-9]|3[01]|0?[1-9]) *(?:[\/\-\., ]) *(?:(?:[0-9]{1,2})|(?:[1-2][0-9]{3})))|(?:(?:[12][0-9]|3[01]|0?[1-9]) *(?:[\/\-\., ]) *(?:1[0-2]|0?[1-9]) *(?:[\/\-\., ]) *(?:(?:[0-9]{1,2})|(?:[1-2][0-9]{3})))|(?:(?:(?i:(?:j(?:an(?:uary)?|u(?:ne?|ly?)))|a(?:pr(?:il)?|ug(?:ust)?)|ma(?:y|r(?:ch)?)|(?:nov|dec)(?:ember)?|feb(?:ruary)?|sep(?:tember)?|oct(?:ober)?)) *(?:[\/\-\., ]) *(?:(?:[12][0-9]|3[01]|0?[1-9])|(?:(?i:[23]?1st|2?2nd|2?3rd|[4-9]th|1[0-9]th|20th|2[4-9]th|30th))) *(?:[\/\-\., ]) *(?:(?:[0-9]{1,2})|(?:[1-2][0-9]{3})))|(?:(?:(?:[12][0-9]|3[01]|0?[1-9])|(?:(?i:[23]?1st|2?2nd|2?3rd|[4-9]th|1[0-9]th|20th|2[4-9]th|30th))) *(?:[\/\-\., ]) *(?:(?i:(?:j(?:an(?:uary)?|u(?:ne?|ly?)))|a(?:pr(?:il)?|ug(?:ust)?)|ma(?:y|r(?:ch)?)|(?:nov|dec)(?:ember)?|feb(?:ruary)?|sep(?:tember)?|oct(?:ober)?)) *(?:[\/\-\., ]) *(?:(?:[0-9]{1,2})|(?:[1-2][0-9]{3}))))|(?:(?:(?:(?:[1-2][0-9]{3}) *(?:[\/\-\., ]) *(?:1[0-2]|0?[1-9]) *(?:[\/\-\., ]) *(?:[12][0-9]|3[01]|0?[1-9]))|(?:(?:1[0-2]|0?[1-9]) *(?:[\/\-\., ]) *(?:[12][0-9]|3[01]|0?[1-9]) *(?:[\/\-\., ]) *(?:(?:[0-9]{1,2})|(?:[1-2][0-9]{3})))|(?:(?:[12][0-9]|3[01]|0?[1-9]) *(?:[\/\-\., ]) *(?:1[0-2]|0?[1-9]) *(?:[\/\-\., ]) *(?:(?:[0-9]{1,2})|(?:[1-2][0-9]{3})))|(?:(?:(?i:(?:j(?:an(?:uary)?|u(?:ne?|ly?)))|a(?:pr(?:il)?|ug(?:ust)?)|ma(?:y|r(?:ch)?)|(?:nov|dec)(?:ember)?|feb(?:ruary)?|sep(?:tember)?|oct(?:ober)?)) *(?:[\/\-\., ]) *(?:(?:[12][0-9]|3[01]|0?[1-9])|(?:(?i:[23]?1st|2?2nd|2?3rd|[4-9]th|1[0-9]th|20th|2[4-9]th|30th))) *(?:[\/\-\., ]) *(?:(?:[0-9]{1,2})|(?:[1-2][0-9]{3})))|(?:(?:(?:[12][0-9]|3[01]|0?[1-9])|(?:(?i:[23]?1st|2?2nd|2?3rd|[4-9]th|1[0-9]th|20th|2[4-9]th|30th))) *(?:[\/\-\., ]) *(?:(?i:(?:j(?:an(?:uary)?|u(?:ne?|ly?)))|a(?:pr(?:il)?|ug(?:ust)?)|ma(?:y|r(?:ch)?)|(?:nov|dec)(?:ember)?|feb(?:ruary)?|sep(?:tember)?|oct(?:ober)?)) *(?:[\/\-\., ]) *(?:(?:[0-9]{1,2})|(?:[1-2][0-9]{3})))) *(?:(?:(?:1[0-2]|0?[1-9])(?: *(?:\:) *(?:[1-5][0-9]|0?[0-9]))?(?: *(?:\:) *(?:[1-5][0-9]|0?[0-9]))? *(?:(?i:[ap]m)))|(?:(?:2[0-3]|[01]?[0-9])(?: *(?:\:) *(?:[1-5][0-9]|0?[0-9]))(?: *(?:\:) *(?:[1-5][0-9]|0?[0-9]))?))))</filter>
<filter name="month">(J(anuary|u(ne|ly))|February|Ma(rch|y)|A(pril|ugust)|(((Sept|Nov|Dec)em)|Octo)ber)</filter>
<filter name="week">(^|\s)(Mon\.|Tue\.|Wed\.|Thu\.|Fri\.|Sat\.|Sun\.)|(Monday|Tuesday|Wednesday|Thursday|Friday|Saturday|Sunnday)($|\s)</filter>
</group>
<group name="pii">
<filter name="ssn">(^|\s)(00[1-9]|0[1-9]0|0[1-9][1-9]|[1-6]\d{2}|7[0-6]\d|77[0-2])((-|\s){1})([1-9]0|0[1-9]|[1-9][1-9])\3(\d{3}[1-9]|[1-9]\d{3}|\d[1-9]\d{2}|\d{2}[1-9]\d)($|\s|[;:,!\.\?])</filter>
<filter name="iban">(^|\s)[a-zA-Z]{2}[0-9]{2}( ?)([a-zA-Z0-9]|[0-9]){4}( ?)([0-9]){4}( ?)([0-9]){4}( ?)([0-9]){4}( ?)</filter>
<filter name="cc">(^|\s)(4\d{12})|(((4|3)\d{3})|(5[1-5]\d{2})|(6011))(-?)(\d{4}(-?)){3}|((3[4,7]\d{2})((-?)\d{6}(-?)\d{5}))|(3[4,7]\d{2})((-?)\d{4}(-?)\d{4}(-?)\d{3})|(3[4,7]\d{1})(-?)(\d{4}(-?)){3}|(30[0-5]\d{1}|(36|38)\d(2))((-?)\d{4}(-?)\d{4}(-?)\d{2})|((2131|1800)|(2014|2149))((-?)\d{4}(-?)\d{4}(-?)\d{3})($|\s)</filter>
<filter name="passport">[A-Z0-9lt]{9}[0-9]{1}[A-Z]{3}[0-9]{7}[A-Z]{1}[0-9]{7}[A-Z0-9lt]{14}[0-9]{2}</filter>
</group>
<group name="common">
<filter name="email">([a-zA-Z0-9_\-\.]+)@((\[[0-9]{1,3}\.[0-9]{1,3}\.[0-9]{1,3}\.)|(([a-zA-Z0-9\-]+\.)+))([a-zA-Z]{2,4}|[0-9]{1,3})(\]?)</filter>
<filter name="usphone">(^|\s)((\d)?[\s\.\-])?\(?([0-9]{3})\)?[\s\.\-]([0-9]{3})[\s\.\-]([0-9]{4})($|\s)</filter>
<filter name="url">(http|ftp|https):\/\/[\w\-_]+(\.[\w\-_]+)+([\w\-\.,@?^=%amp;:/~\+#]*[\w\-\@?^=%amp;/~\+#])?</filter>
<filter name="IPV4">((0|1[0-9]{0,2}|2[0-9]?|2[0-4][0-9]|25[0-5]|[3-9][0-9]?)\.){3}(0|1[0-9]{0,2}|2[0-9]?|2[0-4][0-9]|25[0-5]|[3-9][0-9]?)</filter>
<filter name="IPV6">((([0-9A-Fa-f]{1,4}:){7}[0-9A-Fa-f]{1,4})|(([0-9A-Fa-f]{1,4}:){6}:[0-9A-Fa-f]{1,4})|(([0-9A-Fa-f]{1,4}:){5}:([0-9A-Fa-f]{1,4}:)?[0-9A-Fa-f]{1,4})|(([0-9A-Fa-f]{1,4}:){4}:([0-9A-Fa-f]{1,4}:){0,2}[0-9A-Fa-f]{1,4})|(([0-9A-Fa-f]{1,4}:){3}:([0-9A-Fa-f]{1,4}:){0,3}[0-9A-Fa-f]{1,4})|(([0-9A-Fa-f]{1,4}:){2}:([0-9A-Fa-f]{1,4}:){0,4}[0-9A-Fa-f]{1,4})|(([0-9A-Fa-f]{1,4}:){6}((\b((25[0-5])|(1\d{2})|(2[0-4]\d)|(\d{1,2}))\b)\.){3}(\b((25[0-5])|(1\d{2})|(2[0-4]\d)|(\d{1,2}))\b))|(([0-9A-Fa-f]{1,4}:){0,5}:((\b((25[0-5])|(1\d{2})|(2[0-4]\d)|(\d{1,2}))\b)\.){3}(\b((25[0-5])|(1\d{2})|(2[0-4]\d)|(\d{1,2}))\b))|(::([0-9A-Fa-f]{1,4}:){0,5}((\b((25[0-5])|(1\d{2})|(2[0-4]\d)|(\d{1,2}))\b)\.){3}(\b((25[0-5])|(1\d{2})|(2[0-4]\d)|(\d{1,2}))\b))|([0-9A-Fa-f]{1,4}::([0-9A-Fa-f]{1,4}:){0,5}[0-9A-Fa-f]{1,4})|(::([0-9A-Fa-f]{1,4}:){0,6}[0-9A-Fa-f]{1,4})|(([0-9A-Fa-f]{1,4}:){1,7}:))</filter>
<filter name="mac">([0-9a-fA-F][0-9a-fA-F]:){5}([0-9a-fA-F][0-9a-fA-F])</filter>

</group>
<group name="toogeneric">
<filter name="domain">([a-zA-Z0-9]([a-zA-Z0-9\-]{0,61}[a-zA-Z0-9])?\.)+[a-zA-Z]{2,6}</filter>
<filter name="long">(([0-8])?)[0-9]{1}[0-9][0-9]{1}[0-9][0-9](N|S|\.|\"|[0-9])(,|N|S|[0-9]|\s)</filter>
</group>
<group name="custom">
<filter>define your own custom regex filter here</filter>
</group>
</series>
