<?xml version="1.0" encoding="UTF-8" standalone="no"?>
<plateDescriptions>

<plateDescription>
<source>program</source>
<country>Brasil</country>
<state>all</state>
<blockDescription>
<padBottom>0.1</padBottom>
<padTop>-0.18</padTop>
<padLeft>0.0</padLeft>
<padRight>0.0</padRight>
<charDescription>
<fontName>Mandatory</fontName>
<allowedChars>
65,66,67,68,69,70,71,72,73,74,75,76,77,78,79,80,81,82,83,84,85,87,86,88,89,90
</allowedChars>
<bold>false</bold>
<italic>false</italic>
<size>100</size>
</charDescription>
<charDescription>
<fontName>Mandatory</fontName>
<allowedChars>
65,66,67,68,69,70,71,72,73,74,75,76,77,78,79,80,81,82,83,84,85,87,86,88,89,90
</allowedChars>
<bold>false</bold>
<italic>false</italic>
<size>100</size>
</charDescription>
<charDescription>
<fontName>Mandatory</fontName>
<allowedChars>
65,66,67,68,69,70,71,72,73,74,75,76,77,78,79,80,81,82,83,84,85,87,86,88,89,90
</allowedChars>
<bold>false</bold>
<italic>false</italic>
<size>100</size>
</charDescription>
</blockDescription>
<blockDescription>
<padBottom>0.1</padBottom>
<padTop>-0.18</padTop>
<padLeft>0.0</padLeft>
<padRight>0.0</padRight>
<charDescription>
<fontName>Mandatory</fontName>
<allowedChars>48,49,50,51,52,53,54,55,56,57</allowedChars>
<bold>false</bold>
<italic>false</italic>
<size>100</size>
</charDescription>
<charDescription>
<fontName>Mandatory</fontName>
<allowedChars>48,49,50,51,52,53,54,55,56,57</allowedChars>
<bold>false</bold>
<italic>false</italic>
<size>100</size>
</charDescription>
<charDescription>
<fontName>Mandatory</fontName>
<allowedChars>48,49,50,51,52,53,54,55,56,57</allowedChars>
<bold>false</bold>
<italic>false</italic>
<size>100</size>
</charDescription>
<charDescription>
<fontName>Mandatory</fontName>
<allowedChars>48,49,50,51,52,53,54,55,56,57</allowedChars>
<bold>false</bold>
<italic>false</italic>
<size>100</size>
</charDescription>
</blockDescription>
</plateDescription>




</plateDescriptions>